MoonID,ProperName,X,Y,Z
0,Sol,0,0,0
1,Andreas,282.43485,0.00449,5.36884
2,Rory,43.04329,0.00285,-15.24144
3,Mortimer,277.11358,0.02422,223.27753
4,Bailee,79.62896,0.01164,-101.53103
5,Zita,264.58918,0.04601,-226.71007
6,Araceli,53.06535,0.0168,3.66089